nome,site,uf,junta,plataforma,status,observacao
Caixa Econômica Federal,https://venda-imoveis.caixa.gov.br,DF|GO,,,mapeado,fonte caixa.yaml
Portal Zuk,https://www.portalzuk.com.br,SP|DF|GO,JUCESP,,a_mapear,volume nacional alto
Mega Leilões,https://www.megaleiloes.com.br,SP|DF|GO,JUCESP,,a_mapear,volume nacional alto
Frazão Leilões,https://www.frazaoleiloes.com.br,DF|GO,,,a_mapear,atua em DF e GO segundo o site
Leiloeiros de Brasília,,DF,JUCIS-DF,,a_mapear,site a confirmar
Oeste Leilões,,DF|GO,,,a_mapear,site a confirmar
Pestana Leilões,,,,,a_mapear,site a confirmar
Leilão Vip,,,,,a_mapear,site a confirmar
Biasi Leilões,,,,,a_mapear,site a confirmar
Destak Leilões,,,,,a_mapear,site a confirmar
Alfa Leilões,,,,,a_mapear,site a confirmar
Topo Leilões,,,,,a_mapear,site a confirmar
Webleilões,,,,,a_mapear,site a confirmar
